{
    "$schema": "http://schema.management.azure.com/schemas/2015-01-01/deploymentTemplate.json#",
    "contentVersion": "1.0.0.0",
    "parameters": {
        "factoryName": {
            "type": "string",
            "metadata": "Data Factory name",
            "defaultValue": "df-fut-data"
        },
        "LS_ControlTable_connectionString": {
            "type": "secureString",
            "metadata": "Secure string for 'connectionString' of 'LS_ControlTable'"
        },
        "LS_FutBaseStorage_accountKey": {
            "type": "secureString",
            "metadata": "Secure string for 'accountKey' of 'LS_FutBaseStorage'"
        },
        "LS_DataBricks_accessToken": {
            "type": "secureString",
            "metadata": "Secure string for 'accessToken' of 'LS_DataBricks'"
        },
        "LS_AzSqlDatabase_password": {
            "type": "secureString",
            "metadata": "Secure string for 'password' of 'LS_AzSqlDatabase'"
        },
        "LS_FutBaseStorage_properties_typeProperties_url": {
            "type": "string",
            "defaultValue": "https://safutdata.dfs.core.windows.net/"
        },
        "LS_DataBricks_properties_typeProperties_existingClusterId": {
            "type": "string",
            "defaultValue": "1208-234802-jpmv4aeq"
        },
        "LS_AzSqlDatabase_properties_typeProperties_server": {
            "type": "string",
            "defaultValue": "futtopleagues.database.windows.net"
        },
        "LS_AzSqlDatabase_properties_typeProperties_database": {
            "type": "string",
            "defaultValue": "futtopleagues"
        },
        "LS_AzSqlDatabase_properties_typeProperties_userName": {
            "type": "string",
            "defaultValue": "fabs_user"
        }
    },
    "variables": {
        "factoryId": "[concat('Microsoft.DataFactory/factories/', parameters('factoryName'))]"
    },
    "resources": [
        {
            "name": "[concat(parameters('factoryName'), '/LS_ControlTable')]",
            "type": "Microsoft.DataFactory/factories/linkedServices",
            "apiVersion": "2018-06-01",
            "properties": {
                "annotations": [],
                "type": "AzureTableStorage",
                "typeProperties": {
                    "connectionString": "[parameters('LS_ControlTable_connectionString')]"
                }
            },
            "dependsOn": []
        },
        {
            "name": "[concat(parameters('factoryName'), '/LS_FutBaseStorage')]",
            "type": "Microsoft.DataFactory/factories/linkedServices",
            "apiVersion": "2018-06-01",
            "properties": {
                "annotations": [],
                "type": "AzureBlobFS",
                "typeProperties": {
                    "url": "[parameters('LS_FutBaseStorage_properties_typeProperties_url')]",
                    "accountKey": {
                        "type": "SecureString",
                        "value": "[parameters('LS_FutBaseStorage_accountKey')]"
                    }
                }
            },
            "dependsOn": []
        },
        {
            "name": "[concat(parameters('factoryName'), '/LS_DataBricks')]",
            "type": "Microsoft.DataFactory/factories/linkedServices",
            "apiVersion": "2018-06-01",
            "properties": {
                "annotations": [],
                "type": "AzureDatabricks",
                "typeProperties": {
                    "domain": "https://adb-4268205401484589.9.azuredatabricks.net",
                    "accessToken": {
                        "type": "SecureString",
                        "value": "[parameters('LS_DataBricks_accessToken')]"
                    },
                    "existingClusterId": "[parameters('LS_DataBricks_properties_typeProperties_existingClusterId')]"
                }
            },
            "dependsOn": []
        },
        {
            "name": "[concat(parameters('factoryName'), '/LS_AzSqlDatabase')]",
            "type": "Microsoft.DataFactory/factories/linkedServices",
            "apiVersion": "2018-06-01",
            "properties": {
                "annotations": [],
                "type": "AzureSqlDatabase",
                "typeProperties": {
                    "server": "[parameters('LS_AzSqlDatabase_properties_typeProperties_server')]",
                    "database": "[parameters('LS_AzSqlDatabase_properties_typeProperties_database')]",
                    "encrypt": "mandatory",
                    "trustServerCertificate": false,
                    "authenticationType": "SQL",
                    "userName": "[parameters('LS_AzSqlDatabase_properties_typeProperties_userName')]",
                    "password": {
                        "type": "SecureString",
                        "value": "[parameters('LS_AzSqlDatabase_password')]"
                    }
                }
            },
            "dependsOn": []
        },
        {
            "name": "[concat(parameters('factoryName'), '/RawFiles')]",
            "type": "Microsoft.DataFactory/factories/datasets",
            "apiVersion": "2018-06-01",
            "properties": {
                "linkedServiceName": {
                    "referenceName": "LS_FutBaseStorage",
                    "type": "LinkedServiceReference"
                },
                "parameters": {
                    "source_path": {
                        "type": "string"
                    },
                    "file_name": {
                        "type": "string"
                    }
                },
                "annotations": [],
                "type": "DelimitedText",
                "typeProperties": {
                    "location": {
                        "type": "AzureBlobFSLocation",
                        "fileName": {
                            "value": "@dataset().file_name",
                            "type": "Expression"
                        },
                        "folderPath": {
                            "value": "@dataset().source_path",
                            "type": "Expression"
                        },
                        "fileSystem": "futbasestorage"
                    },
                    "columnDelimiter": ",",
                    "escapeChar": "\\",
                    "firstRowAsHeader": true,
                    "quoteChar": "\""
                },
                "schema": [
                    {
                        "name": "Div",
                        "type": "String"
                    },
                    {
                        "name": "Date",
                        "type": "String"
                    },
                    {
                        "name": "Time",
                        "type": "String"
                    },
                    {
                        "name": "HomeTeam",
                        "type": "String"
                    },
                    {
                        "name": "AwayTeam",
                        "type": "String"
                    },
                    {
                        "name": "FTHG",
                        "type": "String"
                    },
                    {
                        "name": "FTAG",
                        "type": "String"
                    },
                    {
                        "name": "FTR",
                        "type": "String"
                    },
                    {
                        "name": "HTHG",
                        "type": "String"
                    },
                    {
                        "name": "HTAG",
                        "type": "String"
                    },
                    {
                        "name": "HTR",
                        "type": "String"
                    },
                    {
                        "name": "Referee",
                        "type": "String"
                    },
                    {
                        "name": "HS",
                        "type": "String"
                    },
                    {
                        "name": "AS",
                        "type": "String"
                    },
                    {
                        "name": "HST",
                        "type": "String"
                    },
                    {
                        "name": "AST",
                        "type": "String"
                    },
                    {
                        "name": "HF",
                        "type": "String"
                    },
                    {
                        "name": "AF",
                        "type": "String"
                    },
                    {
                        "name": "HC",
                        "type": "String"
                    },
                    {
                        "name": "AC",
                        "type": "String"
                    },
                    {
                        "name": "HY",
                        "type": "String"
                    },
                    {
                        "name": "AY",
                        "type": "String"
                    },
                    {
                        "name": "HR",
                        "type": "String"
                    },
                    {
                        "name": "AR",
                        "type": "String"
                    },
                    {
                        "name": "B365H",
                        "type": "String"
                    },
                    {
                        "name": "B365D",
                        "type": "String"
                    },
                    {
                        "name": "B365A",
                        "type": "String"
                    },
                    {
                        "name": "BWH",
                        "type": "String"
                    },
                    {
                        "name": "BWD",
                        "type": "String"
                    },
                    {
                        "name": "BWA",
                        "type": "String"
                    },
                    {
                        "name": "IWH",
                        "type": "String"
                    },
                    {
                        "name": "IWD",
                        "type": "String"
                    },
                    {
                        "name": "IWA",
                        "type": "String"
                    },
                    {
                        "name": "PSH",
                        "type": "String"
                    },
                    {
                        "name": "PSD",
                        "type": "String"
                    },
                    {
                        "name": "PSA",
                        "type": "String"
                    },
                    {
                        "name": "WHH",
                        "type": "String"
                    },
                    {
                        "name": "WHD",
                        "type": "String"
                    },
                    {
                        "name": "WHA",
                        "type": "String"
                    },
                    {
                        "name": "VCH",
                        "type": "String"
                    },
                    {
                        "name": "VCD",
                        "type": "String"
                    },
                    {
                        "name": "VCA",
                        "type": "String"
                    },
                    {
                        "name": "MaxH",
                        "type": "String"
                    },
                    {
                        "name": "MaxD",
                        "type": "String"
                    },
                    {
                        "name": "MaxA",
                        "type": "String"
                    },
                    {
                        "name": "AvgH",
                        "type": "String"
                    },
                    {
                        "name": "AvgD",
                        "type": "String"
                    },
                    {
                        "name": "AvgA",
                        "type": "String"
                    },
                    {
                        "name": "B365>2.5",
                        "type": "String"
                    },
                    {
                        "name": "B365<2.5",
                        "type": "String"
                    },
                    {
                        "name": "P>2.5",
                        "type": "String"
                    },
                    {
                        "name": "P<2.5",
                        "type": "String"
                    },
                    {
                        "name": "Max>2.5",
                        "type": "String"
                    },
                    {
                        "name": "Max<2.5",
                        "type": "String"
                    },
                    {
                        "name": "Avg>2.5",
                        "type": "String"
                    },
                    {
                        "name": "Avg<2.5",
                        "type": "String"
                    },
                    {
                        "name": "AHh",
                        "type": "String"
                    },
                    {
                        "name": "B365AHH",
                        "type": "String"
                    },
                    {
                        "name": "B365AHA",
                        "type": "String"
                    },
                    {
                        "name": "PAHH",
                        "type": "String"
                    },
                    {
                        "name": "PAHA",
                        "type": "String"
                    },
                    {
                        "name": "MaxAHH",
                        "type": "String"
                    },
                    {
                        "name": "MaxAHA",
                        "type": "String"
                    },
                    {
                        "name": "AvgAHH",
                        "type": "String"
                    },
                    {
                        "name": "AvgAHA",
                        "type": "String"
                    },
                    {
                        "name": "B365CH",
                        "type": "String"
                    },
                    {
                        "name": "B365CD",
                        "type": "String"
                    },
                    {
                        "name": "B365CA",
                        "type": "String"
                    },
                    {
                        "name": "BWCH",
                        "type": "String"
                    },
                    {
                        "name": "BWCD",
                        "type": "String"
                    },
                    {
                        "name": "BWCA",
                        "type": "String"
                    },
                    {
                        "name": "IWCH",
                        "type": "String"
                    },
                    {
                        "name": "IWCD",
                        "type": "String"
                    },
                    {
                        "name": "IWCA",
                        "type": "String"
                    },
                    {
                        "name": "PSCH",
                        "type": "String"
                    },
                    {
                        "name": "PSCD",
                        "type": "String"
                    },
                    {
                        "name": "PSCA",
                        "type": "String"
                    },
                    {
                        "name": "WHCH",
                        "type": "String"
                    },
                    {
                        "name": "WHCD",
                        "type": "String"
                    },
                    {
                        "name": "WHCA",
                        "type": "String"
                    },
                    {
                        "name": "VCCH",
                        "type": "String"
                    },
                    {
                        "name": "VCCD",
                        "type": "String"
                    },
                    {
                        "name": "VCCA",
                        "type": "String"
                    },
                    {
                        "name": "MaxCH",
                        "type": "String"
                    },
                    {
                        "name": "MaxCD",
                        "type": "String"
                    },
                    {
                        "name": "MaxCA",
                        "type": "String"
                    },
                    {
                        "name": "AvgCH",
                        "type": "String"
                    },
                    {
                        "name": "AvgCD",
                        "type": "String"
                    },
                    {
                        "name": "AvgCA",
                        "type": "String"
                    },
                    {
                        "name": "B365C>2.5",
                        "type": "String"
                    },
                    {
                        "name": "B365C<2.5",
                        "type": "String"
                    },
                    {
                        "name": "PC>2.5",
                        "type": "String"
                    },
                    {
                        "name": "PC<2.5",
                        "type": "String"
                    },
                    {
                        "name": "MaxC>2.5",
                        "type": "String"
                    },
                    {
                        "name": "MaxC<2.5",
                        "type": "String"
                    },
                    {
                        "name": "AvgC>2.5",
                        "type": "String"
                    },
                    {
                        "name": "AvgC<2.5",
                        "type": "String"
                    },
                    {
                        "name": "AHCh",
                        "type": "String"
                    },
                    {
                        "name": "B365CAHH",
                        "type": "String"
                    },
                    {
                        "name": "B365CAHA",
                        "type": "String"
                    },
                    {
                        "name": "PCAHH",
                        "type": "String"
                    },
                    {
                        "name": "PCAHA",
                        "type": "String"
                    },
                    {
                        "name": "MaxCAHH",
                        "type": "String"
                    },
                    {
                        "name": "MaxCAHA",
                        "type": "String"
                    },
                    {
                        "name": "AvgCAHH",
                        "type": "String"
                    },
                    {
                        "name": "AvgCAHA",
                        "type": "String"
                    }
                ]
            },
            "dependsOn": [
                "[concat(variables('factoryId'), '/linkedServices/LS_FutBaseStorage')]"
            ]
        },
        {
            "name": "[concat(parameters('factoryName'), '/ControlTable')]",
            "type": "Microsoft.DataFactory/factories/datasets",
            "apiVersion": "2018-06-01",
            "properties": {
                "linkedServiceName": {
                    "referenceName": "LS_ControlTable",
                    "type": "LinkedServiceReference"
                },
                "annotations": [],
                "type": "AzureTable",
                "schema": [],
                "typeProperties": {
                    "tableName": "FutControlTable"
                }
            },
            "dependsOn": [
                "[concat(variables('factoryId'), '/linkedServices/LS_ControlTable')]"
            ]
        },
        {
            "name": "[concat(parameters('factoryName'), '/BronzeFiles')]",
            "type": "Microsoft.DataFactory/factories/datasets",
            "apiVersion": "2018-06-01",
            "properties": {
                "linkedServiceName": {
                    "referenceName": "LS_FutBaseStorage",
                    "type": "LinkedServiceReference"
                },
                "parameters": {
                    "target_path": {
                        "type": "string"
                    },
                    "league_name": {
                        "type": "string"
                    }
                },
                "annotations": [],
                "type": "Parquet",
                "typeProperties": {
                    "location": {
                        "type": "AzureBlobFSLocation",
                        "fileName": {
                            "value": "@dataset().league_name",
                            "type": "Expression"
                        },
                        "folderPath": {
                            "value": "@dataset().target_path",
                            "type": "Expression"
                        },
                        "fileSystem": "futbasestorage"
                    },
                    "compressionCodec": "snappy"
                },
                "schema": []
            },
            "dependsOn": [
                "[concat(variables('factoryId'), '/linkedServices/LS_FutBaseStorage')]"
            ]
        },
        {
            "name": "[concat(parameters('factoryName'), '/MAIN_ETL_FUT_DATA')]",
            "type": "Microsoft.DataFactory/factories/pipelines",
            "apiVersion": "2018-06-01",
            "properties": {
                "activities": [
                    {
                        "name": "Check files to Extract",
                        "type": "Lookup",
                        "dependsOn": [],
                        "policy": {
                            "timeout": "0.12:00:00",
                            "retry": 0,
                            "retryIntervalInSeconds": 30,
                            "secureOutput": false,
                            "secureInput": false
                        },
                        "userProperties": [],
                        "typeProperties": {
                            "source": {
                                "type": "AzureTableSource",
                                "azureTableSourceIgnoreTableNotFound": false
                            },
                            "dataset": {
                                "referenceName": "ControlTable",
                                "type": "DatasetReference",
                                "parameters": {}
                            },
                            "firstRowOnly": false
                        }
                    },
                    {
                        "name": "ForEachLeague",
                        "type": "ForEach",
                        "dependsOn": [
                            {
                                "activity": "Check files to Extract",
                                "dependencyConditions": [
                                    "Succeeded"
                                ]
                            }
                        ],
                        "userProperties": [],
                        "typeProperties": {
                            "items": {
                                "value": "@activity('Check files to Extract').output.value",
                                "type": "Expression"
                            },
                            "activities": [
                                {
                                    "name": "ExtractRaw_and_LoadBronze",
                                    "type": "Copy",
                                    "dependsOn": [],
                                    "policy": {
                                        "timeout": "0.12:00:00",
                                        "retry": 0,
                                        "retryIntervalInSeconds": 30,
                                        "secureOutput": false,
                                        "secureInput": false
                                    },
                                    "userProperties": [],
                                    "typeProperties": {
                                        "source": {
                                            "type": "DelimitedTextSource",
                                            "storeSettings": {
                                                "type": "AzureBlobFSReadSettings",
                                                "recursive": false,
                                                "wildcardFolderPath": {
                                                    "value": "@item().source_path",
                                                    "type": "Expression"
                                                },
                                                "wildcardFileName": {
                                                    "value": "@item().file_pattern",
                                                    "type": "Expression"
                                                },
                                                "enablePartitionDiscovery": false
                                            },
                                            "formatSettings": {
                                                "type": "DelimitedTextReadSettings"
                                            }
                                        },
                                        "sink": {
                                            "type": "ParquetSink",
                                            "storeSettings": {
                                                "type": "AzureBlobFSWriteSettings",
                                                "copyBehavior": "MergeFiles"
                                            },
                                            "formatSettings": {
                                                "type": "ParquetWriteSettings"
                                            }
                                        },
                                        "enableStaging": false,
                                        "translator": {
                                            "type": "TabularTranslator",
                                            "typeConversion": true,
                                            "typeConversionSettings": {
                                                "allowDataTruncation": true,
                                                "treatBooleanAsNumber": false
                                            }
                                        }
                                    },
                                    "inputs": [
                                        {
                                            "referenceName": "RawFiles",
                                            "type": "DatasetReference",
                                            "parameters": {
                                                "source_path": {
                                                    "value": "@item().source_path",
                                                    "type": "Expression"
                                                },
                                                "file_name": {
                                                    "value": "@item().file_pattern",
                                                    "type": "Expression"
                                                }
                                            }
                                        }
                                    ],
                                    "outputs": [
                                        {
                                            "referenceName": "BronzeFiles",
                                            "type": "DatasetReference",
                                            "parameters": {
                                                "target_path": {
                                                    "value": "@item().target_path",
                                                    "type": "Expression"
                                                },
                                                "league_name": {
                                                    "value": "@item().league_name",
                                                    "type": "Expression"
                                                }
                                            }
                                        }
                                    ]
                                },
                                {
                                    "name": "TransformSilver",
                                    "type": "DatabricksNotebook",
                                    "dependsOn": [
                                        {
                                            "activity": "ExtractRaw_and_LoadBronze",
                                            "dependencyConditions": [
                                                "Succeeded"
                                            ]
                                        }
                                    ],
                                    "policy": {
                                        "timeout": "0.12:00:00",
                                        "retry": 0,
                                        "retryIntervalInSeconds": 30,
                                        "secureOutput": false,
                                        "secureInput": false
                                    },
                                    "userProperties": [],
                                    "typeProperties": {
                                        "notebookPath": "/Users/fabio18domingues@hotmail.com/DB_BASE/TransformSilver",
                                        "baseParameters": {
                                            "final_path": {
                                                "value": "@item().league_name",
                                                "type": "Expression"
                                            }
                                        }
                                    },
                                    "linkedServiceName": {
                                        "referenceName": "LS_DataBricks",
                                        "type": "LinkedServiceReference"
                                    }
                                }
                            ]
                        }
                    },
                    {
                        "name": "LoadGold",
                        "type": "DatabricksNotebook",
                        "dependsOn": [
                            {
                                "activity": "ForEachLeague",
                                "dependencyConditions": [
                                    "Succeeded"
                                ]
                            }
                        ],
                        "policy": {
                            "timeout": "0.12:00:00",
                            "retry": 0,
                            "retryIntervalInSeconds": 30,
                            "secureOutput": false,
                            "secureInput": false
                        },
                        "userProperties": [],
                        "typeProperties": {
                            "notebookPath": "/Users/fabio18domingues@hotmail.com/DB_BASE/LoadGold"
                        },
                        "linkedServiceName": {
                            "referenceName": "LS_DataBricks",
                            "type": "LinkedServiceReference"
                        }
                    },
                    {
                        "name": "LoadAzSqlDBStg",
                        "type": "DatabricksNotebook",
                        "dependsOn": [
                            {
                                "activity": "LoadGold",
                                "dependencyConditions": [
                                    "Succeeded"
                                ]
                            }
                        ],
                        "policy": {
                            "timeout": "0.12:00:00",
                            "retry": 0,
                            "retryIntervalInSeconds": 30,
                            "secureOutput": false,
                            "secureInput": false
                        },
                        "userProperties": [],
                        "typeProperties": {
                            "notebookPath": "/Users/fabio18domingues@hotmail.com/DB_BASE/LoadAzSqlDBStg"
                        },
                        "linkedServiceName": {
                            "referenceName": "LS_DataBricks",
                            "type": "LinkedServiceReference"
                        }
                    },
                    {
                        "name": "sp_merge_fact_matches",
                        "type": "SqlServerStoredProcedure",
                        "dependsOn": [
                            {
                                "activity": "LoadAzSqlDBStg",
                                "dependencyConditions": [
                                    "Succeeded"
                                ]
                            }
                        ],
                        "policy": {
                            "timeout": "0.12:00:00",
                            "retry": 0,
                            "retryIntervalInSeconds": 30,
                            "secureOutput": false,
                            "secureInput": false
                        },
                        "userProperties": [],
                        "typeProperties": {
                            "storedProcedureName": "[[dbo].[sp_merge_fact_matches]"
                        },
                        "linkedServiceName": {
                            "referenceName": "LS_AzSqlDatabase",
                            "type": "LinkedServiceReference"
                        }
                    },
                    {
                        "name": "sp_merge_dim_teams",
                        "type": "SqlServerStoredProcedure",
                        "dependsOn": [
                            {
                                "activity": "LoadAzSqlDBStg",
                                "dependencyConditions": [
                                    "Succeeded"
                                ]
                            }
                        ],
                        "policy": {
                            "timeout": "0.12:00:00",
                            "retry": 0,
                            "retryIntervalInSeconds": 30,
                            "secureOutput": false,
                            "secureInput": false
                        },
                        "userProperties": [],
                        "typeProperties": {
                            "storedProcedureName": "[[dbo].[sp_merge_dim_teams]"
                        },
                        "linkedServiceName": {
                            "referenceName": "LS_AzSqlDatabase",
                            "type": "LinkedServiceReference"
                        }
                    },
                    {
                        "name": "sp_merge_dim_date",
                        "type": "SqlServerStoredProcedure",
                        "dependsOn": [
                            {
                                "activity": "LoadAzSqlDBStg",
                                "dependencyConditions": [
                                    "Succeeded"
                                ]
                            }
                        ],
                        "policy": {
                            "timeout": "0.12:00:00",
                            "retry": 0,
                            "retryIntervalInSeconds": 30,
                            "secureOutput": false,
                            "secureInput": false
                        },
                        "userProperties": [],
                        "typeProperties": {
                            "storedProcedureName": "[[dbo].[sp_merge_dim_date]"
                        },
                        "linkedServiceName": {
                            "referenceName": "LS_AzSqlDatabase",
                            "type": "LinkedServiceReference"
                        }
                    },
                    {
                        "name": "sp_merge_dim_leagues",
                        "type": "SqlServerStoredProcedure",
                        "dependsOn": [
                            {
                                "activity": "LoadAzSqlDBStg",
                                "dependencyConditions": [
                                    "Succeeded"
                                ]
                            }
                        ],
                        "policy": {
                            "timeout": "0.12:00:00",
                            "retry": 0,
                            "retryIntervalInSeconds": 30,
                            "secureOutput": false,
                            "secureInput": false
                        },
                        "userProperties": [],
                        "typeProperties": {
                            "storedProcedureName": "[[dbo].[sp_merge_dim_leagues]"
                        },
                        "linkedServiceName": {
                            "referenceName": "LS_AzSqlDatabase",
                            "type": "LinkedServiceReference"
                        }
                    }
                ],
                "policy": {
                    "elapsedTimeMetric": {}
                },
                "annotations": [],
                "lastPublishTime": "2025-12-11T16:00:52Z"
            },
            "dependsOn": [
                "[concat(variables('factoryId'), '/datasets/ControlTable')]",
                "[concat(variables('factoryId'), '/linkedServices/LS_DataBricks')]",
                "[concat(variables('factoryId'), '/linkedServices/LS_AzSqlDatabase')]",
                "[concat(variables('factoryId'), '/datasets/RawFiles')]",
                "[concat(variables('factoryId'), '/datasets/BronzeFiles')]"
            ]
        }
    ]
}