{
    "$schema": "http://schema.management.azure.com/schemas/2015-01-01/deploymentTemplate.json#",
    "contentVersion": "1.0.0.0",
    "parameters": {
        "factoryName": {
            "type": "string",
            "metadata": "Data Factory name",
            "defaultValue": "df-fut-data"
        },
        "LS_ControlTable_connectionString": {
            "type": "secureString",
            "metadata": "Secure string for 'connectionString' of 'LS_ControlTable'"
        },
        "LS_FutBaseStorage_accountKey": {
            "type": "secureString",
            "metadata": "Secure string for 'accountKey' of 'LS_FutBaseStorage'"
        },
        "LS_DataBricks_accessToken": {
            "type": "secureString",
            "metadata": "Secure string for 'accessToken' of 'LS_DataBricks'"
        },
        "LS_AzSqlDatabase_password": {
            "type": "secureString",
            "metadata": "Secure string for 'password' of 'LS_AzSqlDatabase'"
        },
        "LS_FutBaseStorage_properties_typeProperties_url": {
            "type": "string",
            "defaultValue": "https://safutdata.dfs.core.windows.net/"
        },
        "LS_DataBricks_properties_typeProperties_existingClusterId": {
            "type": "string",
            "defaultValue": "1208-234802-jpmv4aeq"
        },
        "LS_AzSqlDatabase_properties_typeProperties_server": {
            "type": "string",
            "defaultValue": "futtopleagues.database.windows.net"
        },
        "LS_AzSqlDatabase_properties_typeProperties_database": {
            "type": "string",
            "defaultValue": "futtopleagues"
        },
        "LS_AzSqlDatabase_properties_typeProperties_userName": {
            "type": "string",
            "defaultValue": "fabs_user"
        },
        "containerUri": {
            "type": "string",
            "metadata": "URI to storage account containing linked ARM templates"
        },
        "containerSasToken": {
            "type": "string",
            "metadata": "Sas token to storage account containing linked ARM templates"
        }
    },
    "variables": {
        "factoryId": "[concat('Microsoft.DataFactory/factories/', parameters('factoryName'))]"
    },
    "resources": [
        {
            "name": "df-fut-data_ArmTemplate_0",
            "type": "Microsoft.Resources/deployments",
            "apiVersion": "2024-03-01",
            "properties": {
                "mode": "incremental",
                "templateLink": {
                    "uri": "[concat(parameters('containerUri'), '/ArmTemplate_0.json', parameters('containerSasToken'))]",
                    "contentVersion": "1.0.0.0"
                },
                "parameters": {
                    "factoryName": {
                        "value": "[parameters('factoryName')]"
                    },
                    "LS_ControlTable_connectionString": {
                        "value": "[parameters('LS_ControlTable_connectionString')]"
                    },
                    "LS_FutBaseStorage_accountKey": {
                        "value": "[parameters('LS_FutBaseStorage_accountKey')]"
                    },
                    "LS_DataBricks_accessToken": {
                        "value": "[parameters('LS_DataBricks_accessToken')]"
                    },
                    "LS_AzSqlDatabase_password": {
                        "value": "[parameters('LS_AzSqlDatabase_password')]"
                    },
                    "LS_FutBaseStorage_properties_typeProperties_url": {
                        "value": "[parameters('LS_FutBaseStorage_properties_typeProperties_url')]"
                    },
                    "LS_DataBricks_properties_typeProperties_existingClusterId": {
                        "value": "[parameters('LS_DataBricks_properties_typeProperties_existingClusterId')]"
                    },
                    "LS_AzSqlDatabase_properties_typeProperties_server": {
                        "value": "[parameters('LS_AzSqlDatabase_properties_typeProperties_server')]"
                    },
                    "LS_AzSqlDatabase_properties_typeProperties_database": {
                        "value": "[parameters('LS_AzSqlDatabase_properties_typeProperties_database')]"
                    },
                    "LS_AzSqlDatabase_properties_typeProperties_userName": {
                        "value": "[parameters('LS_AzSqlDatabase_properties_typeProperties_userName')]"
                    }
                }
            },
            "dependsOn": []
        }
    ]
}