{
    "$schema": "https://schema.management.azure.com/schemas/2015-01-01/deploymentParameters.json#",
    "contentVersion": "1.0.0.0",
    "parameters": {
        "factoryName": {
            "value": "df-fut-data"
        },
        "LS_ControlTable_connectionString": {
            "value": ""
        },
        "LS_FutBaseStorage_accountKey": {
            "value": ""
        },
        "LS_DataBricks_accessToken": {
            "value": ""
        },
        "LS_AzSqlDatabase_password": {
            "value": ""
        },
        "LS_FutBaseStorage_properties_typeProperties_url": {
            "value": "https://safutdata.dfs.core.windows.net/"
        },
        "LS_DataBricks_properties_typeProperties_existingClusterId": {
            "value": "1208-234802-jpmv4aeq"
        },
        "LS_AzSqlDatabase_properties_typeProperties_server": {
            "value": "futtopleagues.database.windows.net"
        },
        "LS_AzSqlDatabase_properties_typeProperties_database": {
            "value": "futtopleagues"
        },
        "LS_AzSqlDatabase_properties_typeProperties_userName": {
            "value": "fabs_user"
        },
        "containerUri": {
            "value": ""
        },
        "containerSasToken": {
            "value": ""
        }
    }
}